Workbook

Sheet Itemized_BOM
A1: FROSTCHAIN E-SKIN CRATE — ITEMIZED STAGE 2 PROTOTYPE BILL OF MATERIALS (BOM)
A2: Procurement Status: 19/20 Items Local/Domestic in India (1–5 Days Lead Time) | 1 Item (Tang Nano 9K FPGA) Imported / Stocked via Indian Distributors (4–10 Days)
A4: S.No | B4: Subsystem Category | C4: Component | D4: Exact Part No. / Specification | E4: Schematic Ref | F4: Qty | G4: Sourcing Category | H4: Verified Vendor & Lead Time | I4: Unit Cost (INR) | J4: Total Cost (INR)
A5: 1 | B5: Telemetry & FPGA Compute | C5: FPGA Development Board | D5: Sipeed Tang Nano 9K (Gowin GW1NR-LV9QN88PC6/I5) | E5: U3 | F5: 1 | G5: Imported (India Stock) | H5: Robu.in / Evelta (4d local stock; 10d import) | I5: 1650 | J5: =F5*I5
A6: 2 | B6: Telemetry & FPGA Compute | C6: Main Telemetry & Crypto MCU | D6: Espressif ESP32-S3-WROOM-1-N8R2 DevKitC-1 | E6: U4 | F6: 1 | G6: Local | H6: Robu.in / Bhagirath Palace Delhi (2 days) | I6: 580 | J6: =F6*I6
A7: 3 | B7: Telemetry & FPGA Compute | C7: LTE (5G-Ready) + GNSS Modem | D7: SIMCom SIM7600E-H 4G LTE Cat-1 / GNSS Breakout | E7: M1 | F7: 1 | G7: Domestic | H7: Evelta / Robu.in (4 days) | I7: 2250 | J7: =F7*I7
A8: 4 | B8: E-Skin, PCB & Passives | C8: Digital Temp & RH Sensor | D8: Sensirion SHT31-DIS-B I2C Breakout (±0.2°C, ±2% RH) | E8: U_SHT31 | F8: 1 | G8: Local | H8: Robu.in / Campus Component (2 days) | I8: 320 | J8: =F8*I8
A9: 5 | B9: Peltier & Heatsinks | C9: High-Current Peltier Driver | D9: Infineon BTS7960 43A H-Bridge Module (IBT-2) | E9: U5 | F9: 1 | G9: Local | H9: Robu.in / Local Market (2 days) | I9: 240 | J9: =F9*I9
A10: 6 | B10: Peltier & Heatsinks | C10: Thermoelectric Cooler (Peltier) | D10: TEC1-12706 (12V, 6A, Qmax 60W, 40×40×3.8 mm) | E10: TEC1 | F10: 1 | G10: Local | H10: Robu.in / Local Market (2 days) | I10: 190 | J10: =F10*I10
A11: 7 | B11: Power & Solar | C11: Solar MPPT Charge Controller | D11: CN3791 MPPT Solar Charger Board (18V PV Input) | E11: U_MPPT | F11: 1 | G11: Domestic | H11: Robu.in /RareComponents (3 days) | I11: 380 | J11: =F11*I11
A12: 8 | B12: Power & Solar | C12: 5.0V Logic Buck Converter | D12: LM2596S-5.0 DC-DC Step-Down Module (12.8V -> 5.0V, 3A) | E12: U1/U2 | F12: 1 | G12: Local | H12: Local Electronics Market (1 day) | I12: 85 | J12: =F12*I12
A13: 9 | B13: Power & Solar | C13: 12V -> 4.0V Modem Buck Converter | D13: MP1584EN 3A Adjustable DC-DC Buck (12.8V -> 4.0V Peak) | E13: U6 | F13: 1 | G13: Local | H13: Local Electronics Market (1 day) | I13: 75 | J13: =F13*I13
A14: 10 | B14: Power & Solar | C14: LiFePO4 Battery Pack + 4S BMS | D14: 4S 32700 LiFePO4 Pack (12.8V, 6Ah, 76.8Wh) + 4S 20A BMS | E14: BT1 | F14: 1 | G14: Domestic | H14: Loom Solar / Robu.in (4 days) | I14: 2350 | J14: =F14*I14
A15: 11 | B15: Power & Solar | C15: 30W Flexible Solar PV Panel | D15: 30W 18V Semi-Flexible Monocrystalline ETFE Solar Panel | E15: PV1 | F15: 1 | G15: Domestic | H15: Loom Solar / Indiamart (4 days) | I15: 1650 | J15: =F15*I15
A16: 12 | B16: E-Skin, PCB & Passives | C16: 0.1% Precision Σ-Δ Resistors | D16: 100 kΩ ±0.1% 25ppm/°C Thin-Film SMD 0805 Resistor | E16: R_FB, R_REF | F16: 10 | G16: Domestic | H16: Element14 India / Mouser (3 days) | I16: 12 | J16: =F16*I16
... A24: 20 | B24: E-Skin, PCB & Passives | C24: Graphite E-Skin Tape + 2L FR4 PCB | D24: Conductive Graphite Tape + Cu Foil Bus + 2-Layer PCB (LionCircuits) | E24: R_ACT, R_DUM, PCB1 | F24: 1 | G24: Domestic | H24: LionCircuits / Amazon Business (5 days) | I24: 850 | J24: =F24*I24
A25: TOTAL PROTOTYPE BUILD EXPENSE (ALL 20 SCHEMATIC SUBSYSTEMS) | F25: =SUM(F5:F24) | G25: 95% Domestic / 5% Imported | H25: Max Project Lead Time: 5–10 Business Days | J25: =SUM(J5:J24)

Sheet Cost_Split_Summary
A1: Subsystem Category | B1: Total Cost (INR) | C1: Cost Share (%)
A2: Power & Solar | B2: =SUMIF(Itemized_BOM!$B$5:$B$24, A2, Itemized_BOM!$J$5:$J$24) | C2: =B2/$B$7
A3: Telemetry & FPGA Compute | B3: =SUMIF(Itemized_BOM!$B$5:$B$24, A3, Itemized_BOM!$J$5:$J$24) | C3: =B3/$B$7
A4: Crate & PCM Thermal Liner | B4: =SUMIF(Itemized_BOM!$B$5:$B$24, A4, Itemized_BOM!$J$5:$J$24) | C4: =B4/$B$7
A5: E-Skin, PCB & Passives | B5: =SUMIF(Itemized_BOM!$B$5:$B$24, A5, Itemized_BOM!$J$5:$J$24) | C5: =B5/$B$7
A6: Peltier & Heatsinks | B6: =SUMIF(Itemized_BOM!$B$5:$B$24, A6, Itemized_BOM!$J$5:$J$24) | C6: =B6/$B$7
A7: TOTAL | B7: =SUM(B2:B6) | C7: =SUM(C2:C6)
